{"accuracy": [0.29216790199279785, 0.358313649892807, 0.3839360475540161, 0.40665093064308167, 0.41988006234169006, 0.4341268539428711, 0.4512811303138733, 0.46025803685188293, 0.46872615814208984, 0.47733962535858154, 0.4801744520664215, 0.4868980646133423, 0.492713063955307, 0.4981282949447632, 0.5006360411643982, 0.506087601184845, 0.5054333806037903, 0.5095766186714172, 0.5161911845207214, 0.5129565596580505, 0.5205160975456238, 0.5209158658981323, 0.5248410105705261, 0.5239687561988831, 0.531128466129303, 0.5313465595245361, 0.5333091020584106, 0.5318917036056519, 0.5338542461395264, 0.537634015083313], "loss": [1.8111865520477295, 1.7271032333374023, 1.6718387603759766, 1.631138801574707, 1.590179681777954, 1.5683708190917969, 1.526953101158142, 1.5016518831253052, 1.4754701852798462, 1.454761266708374, 1.4456286430358887, 1.4279764890670776, 1.4092572927474976, 1.3895140886306763, 1.3854265213012695, 1.3713101148605347, 1.368032693862915, 1.3533307313919067, 1.337982177734375, 1.3403834104537964, 1.3282105922698975, 1.3227866888046265, 1.3135148286819458, 1.3048478364944458, 1.2962279319763184, 1.2948105335235596, 1.292564868927002, 1.2916556596755981, 1.2809429168701172, 1.2705737352371216], "val_accuracy": [0.2327946573495865, 0.2510448694229126, 0.26901644468307495, 0.27681806683540344, 0.300362229347229, 0.29994428157806396, 0.2953468859195709, 0.3024519383907318, 0.29799386858940125, 0.3188910484313965, 0.3273892402648926, 0.3278071880340576, 0.30022290349006653, 0.3286430835723877, 0.3258567750453949, 0.3322652578353882, 0.3180551826953888, 0.31499025225639343, 0.3441070020198822, 0.34159934520721436, 0.3333797752857208, 0.3349122405052185, 0.34522151947021484, 0.33741989731788635, 0.3619392514228821, 0.3340763449668884, 0.357620507478714, 0.37684592604637146, 0.35079410672187805, 0.37545278668403625], "val_loss": [2.0705044269561768, 2.0894734859466553, 2.1561617851257324, 2.2105114459991455, 2.0221447944641113, 2.058016538619995, 2.36940598487854, 2.4555552005767822, 2.445481300354004, 2.1958515644073486, 2.1520087718963623, 2.1152095794677734, 2.3906314373016357, 2.011282444000244, 1.954317331314087, 1.9717079401016235, 2.1254308223724365, 2.213883876800537, 1.8902946710586548, 1.8301764726638794, 2.0781667232513428, 1.9456515312194824, 1.807593822479248, 2.1255359649658203, 1.7444276809692383, 2.1067698001861572, 1.86574387550354, 1.6532506942749023, 1.8634345531463623, 1.6775410175323486]}